{"AZE": [40.5, 47.5], "BLZ": [17.25, -88.75], "BWA": [-22, 24], "CCK": [-12.5, 96.83333333], "BEL": [50.83333333, 4], "CIV": [8, -5], "TCA": [21.75, -71.58333333], "PHL": [13, 122], "BRN": [4.5, 114.66666666], "ZMB": [-15, 30], "TUN": [34, 9], "TON": [-20, -175], "SGP": [1.36666666, 103.8], "TJK": [39, 71], "NOR": [62, 10], "MAC": [22.16666666, 113.55], "PAN": [9, -80], "IRN": [32, 53], "MNG": [46, 105], "PER": [-10, -76], "LVA": [57, 25], "PCN": [-25.06666666, -130.1], "SRB": [44, 21], "GUF": [4, -53], "TZA": [-6, 35], "ARE": [24, 54], "ZAF": [-29, 24], "KNA": [17.33333333, -62.75], "CUB": [21.5, -80], "COG": [-1, 15], "TUR": [39, 35], "NIU": [-19.03333333, -169.86666666], "SJM": [78, 20], "GGY": [49.46666666, -2.58333333], "LBY": [25, 17], "ALA": [60.116667, 19.9], "HKG": [22.267, 114.188], "SGS": [-54.5, -37], "URY": [-33, -56], "CUW": [12.116667, -68.933333], "MCO": [43.73333333, 7.4], "LTU": [56, 24], "ISL": [65, -18], "GHA": [8, -2], "CZE": [49.75, 15.5], "MSR": [16.75, -62.2], "DNK": [56, 10], "IDN": [-5, 120], "STP": [1, 7], "SAU": [25, 45], "REU": [-21.15, 55.5], "MDG": [-20, 47], "IOT": [-6, 71.5], "FSM": [6.91666666, 158.25], "ECU": [-2, -77.5], "MTQ": [14.666667, -61], "MDV": [3.25, 73], "KGZ": [41, 75], "BIH": [44, 18], "RUS": [60, 100], "BGD": [24, 90], "LCA": [13.88333333, -60.96666666], "CAF": [7, 21], "GLP": [16.25, -61.583333], "SWZ": [-26.5, 31.5], "JPN": [36, 138], "PYF": [-15, -140], "PRI": [18.25, -66.5], "NZL": [-41, 174], "WLF": [-13.3, -176.2], "ROU": [46, 25], "COD": [0, 25], "IRL": [53, -8], "ATA": [-90, 0], "GNQ": [2, 10], "BFA": [13, -2], "KWT": [29.5, 45.75], "DEU": [51, 9], "LBR": [6.5, -9.5], "UZB": [41, 64], "VCT": [13.25, -61.2], "COM": [-12.16666666, 44.25], "NER": [16, 8], "ZWE": [-20, 30], "SWE": [62, 15], "BDI": [-3.5, 30], "FRA": [46, 2], "GRL": [72, -40], "ITA": [42.83333333, 12.83333333], "VNM": [16.16666666, 107.83333333], "SLB": [-8, 159], "TCD": [15, 19], "FLK": [-51.75, -59], "BVT": [-54.43333333, 3.4], "KIR": [1.41666666, 173], "FIN": [64, 26], "MDA": [47, 29], "KOR": [37, 127.5], "MMR": [22, 98], "COL": [4, -72], "DZA": [28, 3], "LBN": [33.83333333, 35.83333333], "UGA": [1, 32], "TTO": [11, -61], "GUY": [5, -59], "GUM": [13.46666666, 144.78333333], "SLV": [13.83333333, -88.91666666], "CHN": [35, 105], "UMI": [19.3, 166.633333], "BLM": [18.5, -63.41666666], "KHM": [13, 105], "GRD": [12.11666666, -61.66666666], "UKR": [49, 32], "LUX": [49.75, 6.16666666], "HUN": [47, 20], "ABW": [12.5, -69.96666666], "ASM": [-14.33333333, -170], "IRQ": [33, 44], "NPL": [28, 84], "BOL": [-17, -65], "MYT": [-12.83333333, 45.16666666], "GMB": [13.46666666, -16.56666666], "SYR": [35, 38], "BMU": [32.33333333, -64.75], "MLT": [35.83333333, 14.58333333], "CYP": [35, 33], "BEN": [9.5, 2.25], "ERI": [15, 39], "GTM": [15.5, -90.25], "MOZ": [-18.25, 35], "MAR": [32, -5], "SOM": [10, 49], "TKL": [-9, -172], "DJI": [11.5, 43], "LAO": [18, 105], "MNE": [42.5, 19.3], "ESH": [24.5, -13], "SYC": [-4.58333333, 55.66666666], "ATG": [17.05, -61.8], "GAB": [-1, 11.75], "KEN": [1, 38], "MWI": [-13.5, 34], "SMR": [43.76666666, 12.41666666], "SXM": [18.033333, -63.05], "HND": [15, -86.5], "DOM": [19, -70.66666666], "ESP": [40, -4], "KAZ": [48, 68], "GIN": [11, -10], "MEX": [23, -102], "NGA": [10, 8], "SVK": [48.66666666, 19.5], "ALB": [41, 20], "BHR": [26, 50.55], "NFK": [-29.03333333, 167.95], "VUT": [-16, 167], "SPM": [46.83333333, -56.33333333], "NAM": [-22, 17], "PRT": [39.5, -8], "AFG": [33, 65], "OMN": [21, 57], "JEY": [49.25, -2.16666666], "ETH": [8, 38], "CHL": [-30, -71], "BLR": [53, 28], "AUS": [-27, 133], "LIE": [47.26666666, 9.53333333], "VEN": [8, -66], "MNP": [15.2, 145.75], "BRA": [-10, -55], "AGO": [-12.5, 18.5], "GIB": [36.13333333, -5.35], "JAM": [18.25, -77.5], "PAK": [30, 70], "BHS": [24.25, -76], "AIA": [18.25, -63.16666666], "GEO": [42, 43.5], "CMR": [6, 12], "NCL": [-21.5, 165.5], "SDN": [15, 30], "HMD": [-53.1, 72.51666666], "QAT": [25.5, 51.25], "MRT": [20, -12], "MAF": [18.08333333, -63.95], "GBR": [54, -2], "BGR": [43, 25], "DMA": [15.41666666, -61.33333333], "ARG": [-34, -64], "PSE": [31.9, 35.2], "PLW": [7.5, 134.5], "PRY": [-23, -58], "FJI": [-18, 175], "IND": [20, 77], "MYS": [2.5, 112.5], "EGY": [27, 30], "VAT": [41.9, 12.45], "RWA": [-2, 30], "HRV": [45.16666666, 15.5], "MHL": [9, 168], "NLD": [52.5, 5.75], "CRI": [10, -84], "NRU": [-0.53333333, 166.91666666], "PNG": [-6, 147], "CAN": [60, -95], "LKA": [7, 81], "MLI": [17, -4], "CHE": [47, 8], "MKD": [41.83333333, 22], "CYM": [19.5, -80.5], "SSD": [7, 30], "EST": [59, 26], "NIC": [13, -85], "TGO": [8, 1.16666666], "POL": [52, 20], "JOR": [31, 36], "YEM": [15, 48], "ATF": [-49.25, 69.167], "VIR": [18.35, -64.933333], "TWN": [23.5, 121], "CXR": [-10.5, 105.66666666], "SLE": [8.5, -11.5], "THA": [15, 100], "USA": [38, -97], "VGB": [18.431383, -64.62305], "UNK": [42.666667, 21.166667], "AUT": [47.33333333, 13.33333333], "MUS": [-20.28333333, 57.55], "CPV": [16, -24], "ARM": [40, 45], "ISR": [31.47, 35.13], "BTN": [27.5, 90.5], "LSO": [-29.5, 28.5], "TKM": [40, 60], "SVN": [46.11666666, 14.81666666], "AND": [42.5, 1.5], "PRK": [40, 127], "SEN": [14, -14], "WSM": [-13.58333333, -172.33333333], "GRC": [39, 22], "TUV": [-8, 178], "SUR": [4, -56], "HTI": [19, -72.41666666], "COK": [-21.23333333, -159.76666666], "GNB": [12, -15], "TLS": [-8.83333333, 125.91666666], "IMN": [54.25, -4.5], "BRB": [13.16666666, -59.53333333], "FRO": [62, -7]}